{"cameraMode":{"drawMode":0,"name":"Shaded","section":"Shading Mode"},"sceneLighting":true,"audioPlay":false,"sceneViewState":{"showFog":true,"showMaterialUpdate":true,"showSkybox":true,"showFlares":true,"showImageEffects":true,"showParticleSystems":true},"in2DMode":false,"pivot":{"x":-5.72297477722168,"y":7.206062316894531,"z":-33.78085708618164},"rotation":{"x":0.008479127660393715,"y":-0.9599730372428894,"z":0.27845117449760439,"w":0.029067520052194597},"size":68.9560775756836,"orthographic":false}